filename,date
profile_pics/Picture1_zmk7UsO.jpg,2024-03-25 15:14:42+00:00
profile_pics/Untitled_1.png,2024-03-30 04:39:11+00:00
profile_pics/form_background_Jvmt17g.jpg,2024-03-21 07:15:37+00:00
profile_pics/png.jpg,2024-03-30 04:55:22+00:00
profile_pics/profile.png,2024-03-23 16:01:03+00:00
vehicle_pics/404999408_1370291660265222_3784382061225189993_n.jpg,2024-03-25 16:17:51+00:00
vehicle_pics/blank-t-shirt-png-29.png,2024-03-25 15:45:32+00:00
vehicle_pics/circles-png-amp-svg-transparent-background-to-download.png,2024-03-25 00:39:02+00:00
vehicle_pics/supplier.png,2024-03-25 16:17:12+00:00
vehicle_pics/vehicle.png,2024-03-25 16:51:55+00:00
